<?xml version="1.0" encoding="UTF-8"?>
<project-private xmlns="http://www.netbeans.org/ns/project-private/1">
    <editor-bookmarks xmlns="http://www.netbeans.org/ns/editor-bookmarks/2" lastBookmarkId="0"/>
    <open-files xmlns="http://www.netbeans.org/ns/projectui-open-files/2">
        <group>
            <file>file:/E:/University/4.2/Network%20Programming/Lab/Practice/take12/src/Client.java</file>
            <file>file:/E:/University/4.2/Network%20Programming/Lab/Practice/take12/src/Server.java</file>
        </group>
    </open-files>
</project-private>
